20160831_090312.jpg,2017-11-15
20160831_090315_Burst01.jpg,2017-11-15
20160831_090315_Burst02.jpg,2017-11-15
20160831_090315_Burst03.jpg,2017-11-15
20160831_090315_Burst04.jpg,2017-11-15
20160831_090315_Burst05.jpg,2017-11-15
20160831_090315_Burst06.jpg,2017-11-15
20160831_090315_Burst07.jpg,2017-11-15
20160831_090315_Burst08.jpg,2017-11-15
20160831_090315_Burst09.jpg,2017-11-15
20160831_090315_Burst10.jpg,2017-11-15
20160831_090315_Burst11.jpg,2017-11-15
20160831_090315_Burst12.jpg,2017-11-15
20160831_090315_Burst13.jpg,2017-11-15
20160831_090315_Burst14.jpg,2017-11-15
20160831_090315_Burst15.jpg,2017-11-15
20160831_090315_Burst16.jpg,2017-11-15
20160831_090315_Burst17.jpg,2017-11-15
